roll,running_mean,expected_mean
1,6.0,3.5
2,4.0,3.5
3,3.0,3.5
4,3.25,3.5
5,3.2,3.5
6,3.1667,3.5
7,2.8571,3.5
8,2.875,3.5
9,3.0,3.5
10,3.0,3.5
11,3.1818,3.5
12,3.3333,3.5
13,3.4615,3.5
14,3.6429,3.5
15,3.7333,3.5
16,3.625,3.5
17,3.7647,3.5
18,3.7778,3.5
19,3.6316,3.5
20,3.55,3.5
21,3.4286,3.5
22,3.5455,3.5
23,3.6087,3.5
24,3.7083,3.5
25,3.64,3.5
26,3.6538,3.5
27,3.6667,3.5
28,3.7143,3.5
29,3.6207,3.5
30,3.6333,3.5
31,3.6452,3.5
32,3.6875,3.5
33,3.697,3.5
34,3.6765,3.5
35,3.6571,3.5
36,3.6389,3.5
37,3.5676,3.5
38,3.5263,3.5
39,3.4615,3.5
40,3.425,3.5
41,3.4878,3.5
42,3.5,3.5
43,3.4419,3.5
44,3.4318,3.5
45,3.4,3.5
46,3.413,3.5
47,3.4468,3.5
48,3.3958,3.5
49,3.3878,3.5
50,3.38,3.5
51,3.4314,3.5
52,3.4231,3.5
53,3.3774,3.5
54,3.3519,3.5
55,3.3455,3.5
56,3.3571,3.5
57,3.3333,3.5
58,3.3276,3.5
59,3.339,3.5
60,3.3167,3.5
61,3.3607,3.5
62,3.3387,3.5
63,3.381,3.5
64,3.4219,3.5
65,3.4615,3.5
66,3.4848,3.5
67,3.4925,3.5
68,3.5,3.5
69,3.4783,3.5
70,3.4714,3.5
71,3.4648,3.5
72,3.5,3.5
73,3.5205,3.5
74,3.527,3.5
75,3.5333,3.5
76,3.5263,3.5
77,3.5195,3.5
78,3.5513,3.5
79,3.519,3.5
80,3.5,3.5
81,3.4938,3.5
82,3.5122,3.5
83,3.506,3.5
84,3.4881,3.5
85,3.4588,3.5
86,3.4419,3.5
87,3.4138,3.5
88,3.4318,3.5
89,3.427,3.5
90,3.4111,3.5
91,3.4176,3.5
92,3.413,3.5
93,3.4086,3.5
94,3.4149,3.5
95,3.4211,3.5
96,3.4062,3.5
97,3.3814,3.5
98,3.398,3.5
99,3.4242,3.5
100,3.43,3.5
149,3.4966,3.5
199,3.4673,3.5
249,3.494,3.5
298,3.4765,3.5
348,3.4167,3.5
398,3.4322,3.5
448,3.4397,3.5
497,3.4366,3.5
547,3.4278,3.5
597,3.4238,3.5
647,3.4343,3.5
696,3.4799,3.5
746,3.4732,3.5
796,3.4548,3.5
846,3.461,3.5
895,3.4514,3.5
945,3.454,3.5
995,3.4623,3.5
1045,3.4593,3.5
1094,3.458,3.5
1144,3.4694,3.5
1194,3.4606,3.5
1244,3.4678,3.5
1293,3.4671,3.5
1343,3.487,3.5
1393,3.4896,3.5
1443,3.5073,3.5
1492,3.504,3.5
1542,3.511,3.5
1592,3.5245,3.5
1642,3.5305,3.5
1691,3.5281,3.5
1741,3.5296,3.5
1791,3.5293,3.5
1841,3.5323,3.5
1890,3.5323,3.5
1940,3.5335,3.5
1990,3.5412,3.5
2040,3.5358,3.5
2089,3.5323,3.5
2139,3.5362,3.5
2189,3.5299,3.5
2239,3.5319,3.5
2288,3.5393,3.5
2338,3.5419,3.5
2388,3.5385,3.5
2438,3.5418,3.5
2487,3.5412,3.5
2537,3.542,3.5
2587,3.5346,3.5
2637,3.5468,3.5
2686,3.5473,3.5
2736,3.5395,3.5
2786,3.5395,3.5
2836,3.5374,3.5
2885,3.5331,3.5
2935,3.5278,3.5
2985,3.525,3.5
3035,3.5216,3.5
3084,3.5188,3.5
3134,3.5128,3.5
3184,3.5144,3.5
3234,3.5176,3.5
3283,3.5169,3.5
3333,3.514,3.5
3383,3.5084,3.5
3433,3.51,3.5
3482,3.5057,3.5
3532,3.5088,3.5
3582,3.5047,3.5
3632,3.5121,3.5
3681,3.5064,3.5
3731,3.5023,3.5
3781,3.5044,3.5
3831,3.5077,3.5
3880,3.5039,3.5
3930,3.5015,3.5
3980,3.5033,3.5
4030,3.5057,3.5
4079,3.5058,3.5
4129,3.5042,3.5
4179,3.5051,3.5
4229,3.5058,3.5
4278,3.5122,3.5
4328,3.5083,3.5
4378,3.5057,3.5
4428,3.5065,3.5
4477,3.5003,3.5
4527,3.5001,3.5
4577,3.5047,3.5
4627,3.5033,3.5
4676,3.503,3.5
4726,3.5053,3.5
4776,3.5057,3.5
4826,3.511,3.5
4875,3.5106,3.5
4925,3.507,3.5
4975,3.5069,3.5
5025,3.5045,3.5
5074,3.5014,3.5
5124,3.5016,3.5
5174,3.4963,3.5
5224,3.4977,3.5
5273,3.4948,3.5
5323,3.4935,3.5
5373,3.4936,3.5
5423,3.4957,3.5
5472,3.4949,3.5
5522,3.4922,3.5
5572,3.4908,3.5
5622,3.4888,3.5
5671,3.4881,3.5
5721,3.4858,3.5
5771,3.4831,3.5
5821,3.4824,3.5
5870,3.4853,3.5
5920,3.4863,3.5
5970,3.4874,3.5
6020,3.4865,3.5
6069,3.4856,3.5
6119,3.4875,3.5
6169,3.4865,3.5
6219,3.4856,3.5
6268,3.4887,3.5
6318,3.4886,3.5
6368,3.4896,3.5
6418,3.4885,3.5
6467,3.4872,3.5
6517,3.4869,3.5
6567,3.4858,3.5
6617,3.4842,3.5
6666,3.4826,3.5
6716,3.4833,3.5
6766,3.4839,3.5
6816,3.4825,3.5
6865,3.4832,3.5
6915,3.4824,3.5
6965,3.4803,3.5
7015,3.4837,3.5
7064,3.4843,3.5
7114,3.4854,3.5
7164,3.4862,3.5
7214,3.4853,3.5
7263,3.4857,3.5
7313,3.4857,3.5
7363,3.4862,3.5
7413,3.4873,3.5
7462,3.4875,3.5
7512,3.4888,3.5
7562,3.4902,3.5
7612,3.4896,3.5
7661,3.4894,3.5
7711,3.489,3.5
7761,3.4922,3.5
7811,3.4955,3.5
7860,3.4931,3.5
7910,3.4915,3.5
7960,3.4916,3.5
8010,3.4916,3.5
8059,3.4925,3.5
8109,3.4896,3.5
8159,3.4917,3.5
8209,3.492,3.5
8258,3.4907,3.5
8308,3.4917,3.5
8358,3.4932,3.5
8408,3.4933,3.5
8457,3.4913,3.5
8507,3.4922,3.5
8557,3.4935,3.5
8607,3.4932,3.5
8656,3.4939,3.5
8706,3.4936,3.5
8756,3.4947,3.5
8806,3.4949,3.5
8855,3.4968,3.5
8905,3.4993,3.5
8955,3.5002,3.5
9005,3.5013,3.5
9054,3.5022,3.5
9104,3.504,3.5
9154,3.5027,3.5
9204,3.5037,3.5
9253,3.5045,3.5
9303,3.5039,3.5
9353,3.5037,3.5
9403,3.5029,3.5
9452,3.5015,3.5
9502,3.5016,3.5
9552,3.502,3.5
9602,3.5016,3.5
9651,3.502,3.5
9701,3.5023,3.5
9751,3.5024,3.5
9801,3.5023,3.5
9850,3.5028,3.5
9900,3.5027,3.5
9950,3.5036,3.5
10000,3.5055,3.5
