position,song,mentions,score,first_picks,avg_rank
1,Tu Hi Meri Shab Hai,19,7.17,1,3.37
2,Aankhon Mein Teri,18,8.89,5,3.11
3,Kya Mujhe Pyaar Hai,17,8.34,5,3.41
4,Labon Ko,14,6.73,3,2.79
5,Zara Sa,9,4.32,2,2.89
6,Khuda Jaane,9,3.33,1,3.56
7,Beete Lamhein,8,4.26,3,3.12
8,Dil Ibaadat,8,3.67,2,3.0
9,O Meri Jaan,8,1.96,0,4.88
10,Abhi Abhi,6,1.86,0,4.17
11,Pyaar Ke Pal,5,3.45,3,2.4
12,Sach Keh Raha Hai,5,2.67,1,2.2
13,Dil Kyun Yeh Mera,5,2.58,1,2.4
14,Tadap Tadap,5,1.95,1,3.8
15,Haan Tu Hai,4,2.25,1,2.25
16,Awaarapan Banjarapan,4,2.17,1,2.25
17,Soniye,4,1.78,1,3.25
18,Bas Ek Pal,4,1.17,0,3.5
19,Zindagi Do Pal Ki,3,2.14,2,3.0
20,Tu Aashiqui Hai,3,1.39,1,4.0
21,Alvida,3,1.0,0,3.33
22,Yaaron,3,0.95,0,3.67
23,Aashayein,3,0.71,0,5.0
24,Laapata,3,0.65,0,4.67
25,Ek Nazar Mein Bhi,3,0.58,0,6.33
26,Tum Ho Mera Pyar,2,1.5,1,1.5
27,Mera Pehla Pehla Pyaar,2,1.2,1,3.0
28,Maine Dil Se Kaha,2,0.83,0,2.5
29,Dus Bahane,2,0.62,0,5.0
30,Teri Yaadon Mein,2,0.58,0,3.5
31,Tujhe Sochta Hoon,2,0.45,0,4.5
32,Mat Aazma Re,2,0.44,0,6.0
33,Dil Aaj Kal,2,0.34,0,6.0
34,Tu Jo Mila,2,0.21,0,9.5
35,Aafreen Aafreen,1,1.0,1,1.0
36,Ae Aa O,1,1.0,1,1.0
37,Humko Pyar Hua,1,1.0,1,1.0
38,Love Pannu,1,1.0,1,1.0
39,Aap Ki Dua,1,0.5,0,2.0
40,Jab Kabhi,1,0.5,0,2.0
41,Kyun Aaj Kal,1,0.5,0,2.0
42,Strawberry Kannae,1,0.5,0,2.0
43,Teri Yaad Yaad,1,0.5,0,2.0
44,Jaane Ye Kya Hua,1,0.33,0,3.0
45,Kalyaanam Thaan,1,0.33,0,3.0
46,Koi Kahe Kehta Rahe,1,0.33,0,3.0
47,Pal,1,0.33,0,3.0
48,Aur Tanha,1,0.25,0,4.0
49,Chadta Suraj,1,0.25,0,4.0
50,Hai Junoon,1,0.25,0,4.0
51,Mudhal Naal,1,0.25,0,4.0
52,O Lala Re,1,0.25,0,4.0
53,Tujhi Mein,1,0.25,0,4.0
54,Andangkaka,1,0.2,0,5.0
55,Dilnashin Dilnashin,1,0.2,0,5.0
56,Jaane Kaise,1,0.2,0,5.0
57,Main Tera Dhadkan Teri,1,0.2,0,5.0
58,Make Some Noise for the Desi Boyz,1,0.2,0,5.0
59,Saanson Ke,1,0.2,0,5.0
60,Appadi Podu,1,0.17,0,6.0
61,Bojhal Se,1,0.17,0,6.0
62,Nazrein Karam,1,0.17,0,6.0
63,O Humdum Suniyo Re,1,0.17,0,6.0
64,Issi Baat Pe,1,0.14,0,7.0
