response_id,rank,song
1,1,Tu Aashiqui Hai
1,2,Kya Mujhe Pyaar Hai
1,3,Soniye
1,4,Aankhon Mein Teri
1,5,Tu Hi Meri Shab Hai
2,1,Aankhon Mein Teri
2,2,Jab Kabhi
2,3,Khuda Jaane
2,4,Chadta Suraj
2,5,Soniye
2,6,Bojhal Se
2,7,Issi Baat Pe
2,8,Aashayein
3,1,Zindagi Do Pal Ki
3,2,Dil Kyun Yeh Mera
3,3,Beete Lamhein
3,4,O Meri Jaan
3,5,Pyaar Ke Pal
4,1,Kya Mujhe Pyaar Hai
4,2,Tu Hi Meri Shab Hai
4,3,Zara Sa
4,4,O Lala Re
5,1,Aankhon Mein Teri
5,2,Khuda Jaane
5,3,Sach Keh Raha Hai
5,4,Dil Kyun Yeh Mera
5,5,Laapata
5,6,O Humdum Suniyo Re
5,7,Zindagi Do Pal Ki
6,1,Kya Mujhe Pyaar Hai
6,2,Labon Ko
6,3,Khuda Jaane
6,4,Haan Tu Hai
6,5,Aankhon Mein Teri
7,1,Dil Kyun Yeh Mera
7,2,Zara Sa
7,3,Aankhon Mein Teri
7,4,Dil Ibaadat
7,5,O Meri Jaan
8,1,Dil Ibaadat
8,2,Labon Ko
8,3,Aankhon Mein Teri
8,4,Teri Yaadon Mein
8,5,Tadap Tadap
9,1,Pyaar Ke Pal
9,2,Dil Kyun Yeh Mera
9,3,Koi Kahe Kehta Rahe
9,4,Yaaron
9,5,Kya Mujhe Pyaar Hai
10,1,Kya Mujhe Pyaar Hai
10,2,Aankhon Mein Teri
10,3,Jaane Ye Kya Hua
10,4,Alvida
10,5,Tu Hi Meri Shab Hai
10,6,Tadap Tadap
10,7,Tu Aashiqui Hai
10,8,Ek Nazar Mein Bhi
10,9,O Meri Jaan
11,1,Love Pannu
11,2,Strawberry Kannae
11,3,Kalyaanam Thaan
11,4,Mudhal Naal
11,5,Andangkaka
11,6,Appadi Podu
12,1,Aankhon Mein Teri
12,2,Dus Bahane
12,3,Dil Ibaadat
12,4,Pyaar Ke Pal
12,5,Make Some Noise for the Desi Boyz
13,1,Pyaar Ke Pal
13,2,Yaaron
13,3,Awaarapan Banjarapan
13,4,Aashayein
13,5,Kya Mujhe Pyaar Hai
13,6,O Meri Jaan
13,7,Beete Lamhein
13,8,Abhi Abhi
13,9,Mat Aazma Re
13,10,Tu Jo Mila
14,1,Beete Lamhein
14,2,Zara Sa
14,3,Dil Ibaadat
14,4,Kya Mujhe Pyaar Hai
14,5,Tu Hi Meri Shab Hai
15,1,Labon Ko
15,2,Tu Hi Meri Shab Hai
15,3,Bas Ek Pal
15,4,Dil Ibaadat
15,5,Mera Pehla Pehla Pyaar
15,6,Nazrein Karam
15,7,Dil Aaj Kal
15,8,Ek Nazar Mein Bhi
16,1,Soniye
16,2,Teri Yaad Yaad
16,3,Maine Dil Se Kaha
16,4,Bas Ek Pal
16,5,Dilnashin Dilnashin
17,1,Zindagi Do Pal Ki
17,2,Haan Tu Hai
17,3,Labon Ko
17,4,Laapata
17,5,Aankhon Mein Teri
18,1,Kya Mujhe Pyaar Hai
18,2,Alvida
18,3,O Meri Jaan
18,4,Beete Lamhein
18,5,Zara Sa
19,1,Kya Mujhe Pyaar Hai
19,2,Tu Hi Meri Shab Hai
19,3,Zara Sa
19,4,Labon Ko
19,5,Aankhon Mein Teri
20,1,Aankhon Mein Teri
20,2,Haan Tu Hai
20,3,Khuda Jaane
20,4,Labon Ko
20,5,Laapata
20,6,Tu Hi Meri Shab Hai
21,1,Labon Ko
21,2,Tu Hi Meri Shab Hai
21,3,Bas Ek Pal
21,4,Dil Ibaadat
21,5,Beete Lamhein
22,1,Khuda Jaane
22,2,Aap Ki Dua
22,3,Pal
22,4,Tadap Tadap
22,5,Kya Mujhe Pyaar Hai
23,1,Aankhon Mein Teri
23,2,Tum Ho Mera Pyar
23,3,Labon Ko
23,4,Soniye
23,5,O Meri Jaan
24,1,Pyaar Ke Pal
24,2,Abhi Abhi
24,3,Kya Mujhe Pyaar Hai
24,4,Khuda Jaane
24,5,Yaaron
25,1,Mera Pehla Pehla Pyaar
25,2,Sach Keh Raha Hai
25,3,Dil Kyun Yeh Mera
25,4,Hai Junoon
25,5,Tu Hi Meri Shab Hai
26,1,Sach Keh Raha Hai
26,2,Tu Hi Meri Shab Hai
26,3,Ek Nazar Mein Bhi
26,4,Kya Mujhe Pyaar Hai
26,5,Abhi Abhi
27,1,Humko Pyar Hua
27,2,Aankhon Mein Teri
27,3,Kya Mujhe Pyaar Hai
27,4,Khuda Jaane
27,5,Labon Ko
28,1,Zara Sa
28,2,Kya Mujhe Pyaar Hai
28,3,Labon Ko
28,4,Tu Hi Meri Shab Hai
28,5,Abhi Abhi
29,1,Awaarapan Banjarapan
29,2,Abhi Abhi
29,3,Tadap Tadap
29,4,Alvida
29,5,Labon Ko
30,1,Tu Hi Meri Shab Hai
30,2,Awaarapan Banjarapan
30,3,Abhi Abhi
30,4,Dil Ibaadat
30,5,Tujhe Sochta Hoon
31,1,Tum Ho Mera Pyar
31,2,Tu Hi Meri Shab Hai
31,3,Kya Mujhe Pyaar Hai
31,4,Tujhi Mein
31,5,Dil Aaj Kal
32,1,Ae Aa O
32,2,Kyun Aaj Kal
32,3,Aashayein
32,4,Tu Hi Meri Shab Hai
32,5,Aankhon Mein Teri
33,1,Labon Ko
33,2,O Meri Jaan
33,3,Beete Lamhein
33,4,Zara Sa
33,5,Tu Hi Meri Shab Hai
33,6,Khuda Jaane
33,7,Aankhon Mein Teri
33,8,Dus Bahane
33,9,Tu Jo Mila
33,10,Kya Mujhe Pyaar Hai
34,1,Haan Tu Hai
34,2,Sach Keh Raha Hai
34,3,Aankhon Mein Teri
34,4,Aur Tanha
34,5,Main Tera Dhadkan Teri
34,6,Khuda Jaane
34,7,Kya Mujhe Pyaar Hai
35,1,Dil Ibaadat
35,2,Maine Dil Se Kaha
35,3,Awaarapan Banjarapan
35,4,Tu Aashiqui Hai
35,5,Aankhon Mein Teri
36,1,Tadap Tadap
36,2,Aankhon Mein Teri
36,3,Sach Keh Raha Hai
36,4,Tu Hi Meri Shab Hai
36,5,O Meri Jaan
37,1,Zara Sa
37,2,Tu Hi Meri Shab Hai
37,3,Mat Aazma Re
37,4,Tujhe Sochta Hoon
37,5,Saanson Ke
38,1,Beete Lamhein
38,2,Labon Ko
38,3,Teri Yaadon Mein
38,4,Tu Hi Meri Shab Hai
38,5,Zara Sa
39,1,Aafreen Aafreen
40,1,Beete Lamhein
40,2,Tu Hi Meri Shab Hai
40,3,Labon Ko
40,4,Bas Ek Pal
40,5,Jaane Kaise
