username,song_1,song_2,song_3,song_4,song_5,song_6,song_7,song_8,song_9,song_10
wohi_baat,Tu Aashiqui Hai,Kya Mujhe Pyaar Hai,Soniye,Aankhon Mein Teri,Tu Hi Meri Shab Hai,,,,,
nainkat28,Aankhon Mein Teri,Jab Kabhi,Khuda Jaane,Chadta Suraj,Soniye,Bojhal Se,Issi Baat Pe,Aashayein,,
goldenrrry,Zindagi Do Pal Ki,Dil Kyun Yeh Mera,Beete Lamhein,O Meri Jaan,Pyaar Ke Pal,,,,,
iamthekishan,Kya Mujhe Pyaar Hai,Tu Hi Meri Shab Hai,Zara Sa,O Lala Re,,,,,,
fishbiriyani,Aankhon Mein Teri,Khuda Jaane,Sach Keh Raha Hai,Dil Kyun Yeh Mera,Laapata,O Humdum Suniyo Re,Zindagi Do Pal Ki,,,
kridiedofangst,Kya Mujhe Pyaar Hai,Labon Ko,Khuda Jaane,Haan Tu Hai,Aankhon Mein Teri,,,,,
shaurya_346,Dil Kyun Yeh Mera,Zara Sa,Aankhon Mein Teri,Dil Ibaadat,O Meri Jaan,,,,,
sync_talks,Dil Ibaadat,Labon Ko,Aankhon Mein Teri,Teri Yaadon Mein,Tadap Tadap,,,,,
manashhree,Pyaar Ke Pal,Dil Kyun Yeh Mera,Koi Kahe Kehta Rahe,Yaaron,Kya Mujhe Pyaar Hai,,,,,
Garfah112,Kya Mujhe Pyaar Hai,Aankhon Mein Teri,Jaane Ye Kya Hua,Alvida,Tu Hi Meri Shab Hai,Tadap Tadap,Tu Aashiqui Hai,Ek Nazar Mein Bhi,O Meri Jaan,
Garfah112,Love Pannu,Strawberry Kannae,Kalyaanam Thaan,Mudhal Naal,Andangkaka,Appadi Podu,,,,
sumeet_ssb123,Aankhon Mein Teri,Dus Bahane,Dil Ibaadat,Pyaar Ke Pal,Make Some Noise for the Desi Boyz,,,,,
missmaddenstein,Pyaar Ke Pal,Yaaron,Awaarapan Banjarapan,Aashayein,Kya Mujhe Pyaar Hai,O Meri Jaan,Beete Lamhein,Abhi Abhi,Mat Aazma Re,Tu Jo Mila
1fcid,Beete Lamhein,Zara Sa,Dil Ibaadat,Kya Mujhe Pyaar Hai,Tu Hi Meri Shab Hai,,,,,
Apoorvaakapoor,Labon Ko,Tu Hi Meri Shab Hai,Bas Ek Pal,Dil Ibaadat,Mera Pehla Pehla Pyaar,Nazrein Karam,Dil Aaj Kal,Ek Nazar Mein Bhi,,
vartikaajn,Soniye,Teri Yaad...Yaad,Maine Dil Se Kaha,Bas Ek Pal,Dilnashin Dilnashin,,,,,
bobabhaii,Zindagi Do Pal Ki,Haan Tu Hai,Labon Ko,Laapata,Aankhon Mein Teri,,,,,
iceetee_,Kya Mujhe Pyaar Hai,Alvida,O Meri Jaan,Beete Lamhein,Zara Sa,,,,,
shutupimyapping,Kya Mujhe Pyaar Hai,Tu Hi Meri Shab Hai,Zara Sa,Labon Ko,Aankhon Mein Teri,,,,,
rike_mosss,Aankhon Mein Teri,Haan Tu Hai,Khuda Jaane,Labon Ko,Laapata,Tu Hi Meri Shab Hai,,,,
akanksha7196,Labon Ko,Tu Hi Meri Shab Hai,Bas Ek Pal,Dil Ibaadat,Beete Lamhein,,,,,
Achari_Nimboo,Khuda Jaane,Aap Ki Dua,Pal,Tadap Tadap,Kya Mujhe Pyaar Hai,,,,,
starshollow_13,Aankhon Mein Teri,Tum Ho Mera Pyar,Labon Ko,Soniye,O Meri Jaan,,,,,
medsnotmeds,Pyaar Ke Pal,Abhi Abhi,Kya Mujhe Pyaar Hai,Khuda Jaane,Yaaron,,,,,
KshitijMehra6,Mera Pehla Pehla Pyaar,Sach Keh Raha Hai,Dil Kyun Yeh Mera,Hai Junoon,Tu Hi Meri Shab Hai,,,,,
idekwhybutwell,Sach Keh Raha Hai,Tu Hi Meri Shab Hai,Ek Nazar Mein Bhi,Kya Mujhe Pyaar Hai,Abhi Abhi,,,,,
aryatweeterrrrr,Humko Pyar Hua,Aankhon Mein Teri,Kya Mujhe Pyaar Hai,Khuda Jaane,Labon Ko,,,,,
cutiepatootieho,Zara Sa,Kya Mujhe Pyaar Hai,Labon Ko,Tu Hi Meri Shab Hai,Abhi Abhi,,,,,
AryaSpeak_s,Awaarapan Banjarapan,Abhi Abhi,Tadap Tadap,Alvida,Labon Ko,,,,,
maximoff0013,Tu Hi Meri Shab Hai,Awaarapan Banjarapan,Abhi Abhi,Dil Ibaadat,Tujhe Sochta Hoon,,,,,
notokayayesha,Tum Ho Mera Pyar,Tu Hi Meri Shab Hai,Kya Mujhe Pyaar Hai,Tujhi Mein,Dil Aaj Kal,,,,,
Be_Satwick,Ae Aa O,Kyun Aaj Kal,Aashayein,Tu Hi Meri Shab Hai,Aankhon Mein Teri,,,,,
RishabhAaaanand,Labon Ko,O Meri Jaan,Beete Lamhein,Zara Sa,Tu Hi Meri Shab Hai,Khuda Jaane,Aankhon Mein Teri,Dus Bahane,Tu Jo Mila,Kya Mujhe Pyaar Hai
being__paranoid,Haan Tu Hai,Sach Keh Raha Hai,Aankhon Mein Teri,Aur Tanha,Main Tera Dhadkan Teri,Khuda Jaane,Kya Mujhe Pyaar Hai,,,
saurabh_daya,Dil Ibaadat,Maine Dil Se Kaha,Awaarapan Banjarapan,Tu Aashiqui Hai,Aankhon Mein Teri,,,,,
manishtamancha,Tadap Tadap,Aankhon Mein Teri,Sach Keh Raha Hai,Tu Hi Meri Shab Hai,O Meri Jaan,,,,,
naughtyrobot725,Zara Sa,Tu Hi Meri Shab Hai,Mat Aazma Re,Tujhe Sochta Hoon,Saanson Ke,,,,,
personagyu,Beete Lamhein,Labon Ko,Teri Yaadon Mein,Tu Hi Meri Shab Hai,Zara Sa,,,,,
ShUShPuchchu,Aafreen Aafreen,Aafreen Aafreen,Aafreen Aafreen,Aafreen Aafreen,Aafreen Aafreen,,,,,
tanyaaa_0310,Beete Lamhein,Tu Hi Meri Shab Hai,Labon Ko,Bas Ek Pal,Jaane Kaise,,,,,
